DATE,actual,prediction
2023/3/13,-3.546284,-1.397662302
2023/2/20,-0.056639931,0.571558026
2023/2/20,-0.056639931,-0.056639931
2023/2/17,-0.456769631,-0.456769631
2023/2/13,-2.852426509,-2.852426509
2023/2/11,-1.049401922,0.893244793
2023/2/11,-1.049401922,1.003891402
2023/2/9,-2.126488894,-2.126488894
2023/2/8,-3.042012142,1.863143564
2023/2/7,-1.400241212,-2.477484895
2023/1/19,-5.140250772,-5.140250772
2023/1/19,-5.140250772,-5.140250772
2023/1/11,4.60157759,-0.860474973
2023/1/9,1.093135773,-0.921782847
2023/1/5,-1.783130325,2.014138415
2023/1/5,-1.783130325,1.368668991
2023/1/4,1.761972664,-2.740179539
2023/1/4,1.761972664,-3.410499057
2023/1/3,-8.926507953,-0.564313552
2023/1/2,0.914705903,-3.12677604
2023/1/2,0.914705903,1.808216568
2023/1/1,-0.9587384,12.68290935
2022/12/31,-1.76991611,-1.76991611
2022/12/31,-1.76991611,-1.76991611
2022/12/19,-3.082836933,-3.082836933
2022/12/17,2.501039017,0.958240526
2022/12/13,-4.184452127,-4.184452127
2022/12/13,-4.184452127,1.626173344
2022/12/12,-1.210441479,-1.210441479
2022/12/11,0.6879372,0.535050295
2022/12/8,-0.71582932,-0.71582932
2022/12/8,-0.71582932,0.096069667
2022/12/7,-2.734731335,-2.734731335
2022/12/6,0.846231858,-0.010938347
2022/12/6,0.846231858,-0.175227864
2022/12/5,-2.74614003,-1.131254878
2022/12/5,-2.74614003,-2.268182839
2022/12/2,-0.681760625,-0.681760625
2022/12/2,-0.681760625,-0.891862982
2022/12/2,-0.681760625,-0.681760625
2022/12/2,-0.681760625,-0.681760625
2022/12/2,-0.681760625,-0.681760625
2022/12/2,-0.681760625,-0.681760625
2022/12/1,-4.176638864,0.218065919
2022/12/1,-4.176638864,-1.384375821
2022/12/1,-4.176638864,-4.176638864
2022/11/29,-1.626764924,-3.324626977
2022/11/26,0.375389874,0.375389874
2022/11/26,0.375389874,0.375389874
2022/11/25,-3.875003033,-3.875003033
2022/11/19,8.596686432,-2.759262197
2022/11/18,-1.961840718,1.221775838
2022/11/18,-1.961840718,-1.961840718
2022/11/18,-1.961840718,-1.961840718
2022/11/16,-8.024484003,-8.024484003
2022/11/16,-8.024484003,-4.84461664
2022/11/16,-8.024484003,-4.926810304
2022/11/16,-8.024484003,-4.501417203
2022/11/16,-8.024484003,-4.519968274
2022/11/15,7.715778347,7.715778347
2022/11/13,-8.461212378,-8.461212378
2022/11/13,-8.461212378,-8.461212378
2022/11/13,-8.461212378,-8.461212378
2022/11/13,-8.461212378,-5.302038412
2022/11/12,5.297210632,5.297210632
2022/11/12,5.297210632,5.297210632
2022/11/12,5.297210632,5.297210632
2022/11/12,5.297210632,4.852305046
2022/11/12,5.297210632,2.284093406
2022/11/12,5.297210632,5.297210632
2022/11/11,1.68906992,2.910775061
2022/11/11,1.68906992,2.910775061
2022/11/10,3.784642354,3.784642354
2022/11/10,3.784642354,3.784642354
2022/11/9,-15.88715397,-6.752902231
2022/11/8,31.86226493,27.97866305
2022/11/8,31.86226493,29.18650375
2022/11/8,31.86226493,27.97866305
2022/11/8,31.86226493,31.86226493
2022/11/7,39.35642545,39.35642545
2022/11/6,5.087522955,5.087522955
2022/11/6,5.087522955,4.260005676
2022/11/6,5.087522955,5.087522955
2022/11/5,-1.162220426,-1.162220426
2022/11/5,-1.162220426,-0.333629018
2022/11/5,-1.162220426,-1.162220426
2022/11/4,-0.466248675,-0.692586902
2022/11/4,-0.466248675,-0.692586902
2022/11/4,-0.466248675,-0.466248675
2022/11/4,-0.466248675,-0.692586902
2022/11/3,4.106216714,4.106216714
2022/11/2,-8.667884135,-8.667884135
2022/11/2,-8.667884135,-8.667884135
2022/11/2,-8.667884135,-3.253303541
2022/11/1,-2.361345428,-1.486135318
2022/10/31,-0.582057962,-1.467496849
2022/10/30,1.388327575,1.388327575
2022/10/29,3.708295146,3.708295146
2022/10/29,3.708295146,3.708295146
2022/10/28,2.8543455,2.8543455
2022/10/24,3.860538256,3.860538256
2022/10/23,1.444841895,-1.884977455
2022/10/21,-0.626259943,-0.626259943
2022/10/20,0.801546237,0.801546237
2022/10/20,0.801546237,0.801546237
2022/10/20,0.801546237,0.801546237
2022/10/19,0.240030878,2.660716844
2022/10/17,1.012400931,-1.662373491
2022/10/16,-3.024595677,-3.024595677
2022/10/16,-3.024595677,-3.024595677
2022/10/15,-0.211000633,-0.211000633
2022/10/14,-1.025695833,-1.025695833
2022/10/14,-1.025695833,-1.025695833
2022/10/14,-1.025695833,-0.342787858
2022/10/11,0.605109641,0.605109641
2022/10/11,0.605109641,0.605109641
2022/10/10,1.877941746,1.877941746
2022/10/10,1.877941746,0.728957778
2022/10/10,1.877941746,0.278085267
2022/10/10,1.877941746,0.414372314
2022/10/3,-1.949055099,-1.949055099
2022/9/28,0.705484954,1.022758716
2022/9/24,-0.509681376,-5.432201786
2022/9/24,-0.509681376,-0.509681376
2022/9/23,-3.141742375,0.197539973
2022/9/22,0.309557391,0.309557391
2022/9/21,-0.306474617,3.223144
2022/9/20,3.700812184,1.233727692
2022/9/20,3.700812184,3.700812184
2022/9/17,1.76853151,-0.357126009
2022/9/15,-4.470444344,-2.654172704
2022/9/12,2.307786537,-0.598050509
2022/9/6,1.14139731,1.14139731
2022/8/24,-0.165314974,-0.165314974
2022/8/20,-0.651162997,-0.651162997
2022/8/19,0.398461773,0.398461773
2022/8/17,-0.278955473,-0.278955473
2022/8/17,-0.278955473,-0.652405818
2022/8/17,-0.278955473,-0.278955473
2022/8/12,1.431473503,4.236013452
2022/8/12,1.431473503,1.431473503
2022/8/8,0.102707243,0.425919577
2022/8/8,0.102707243,0.102707243
2022/8/8,0.102707243,0.102707243
2022/8/1,-1.07291898,-2.79709604
2022/8/1,-1.07291898,0.987474514
2022/7/31,-0.300001224,-0.300001224
2022/7/30,1.676883425,-0.094303536
2022/7/27,-1.219032506,-1.219032506
2022/7/25,-0.203485174,0.810637639
2022/7/24,0.322056792,-2.215068533
2022/7/22,-1.043497186,1.357001951
2022/7/21,0.41838786,0.41838786
2022/7/21,0.41838786,-2.192109598
2022/7/21,0.41838786,0.41838786
2022/7/21,0.41838786,-0.975902504
2022/7/21,0.41838786,0.41838786
2022/7/18,1.67506824,0.742972796
2022/7/17,1.476534054,1.476534054
2022/7/15,2.956925119,-0.558793032
2022/7/15,2.956925119,2.956925119
2022/7/13,-1.644451866,-4.3684009
2022/7/13,-1.644451866,-2.863341287
2022/7/12,-0.750815051,-0.750815051
2022/7/11,6.107204483,6.107204483
2022/7/9,0.254953585,0.254953585
2022/7/8,-5.181945437,-5.181945437
2022/7/6,-2.19180035,0.513985637
2022/7/6,-2.19180035,-2.19180035
2022/7/5,-2.565187715,-1.521691275
2022/7/4,-2.736172166,-2.736172166
2022/7/2,0.507505186,0.507505186
2022/7/1,-1.335276238,-1.335276238
2022/7/1,-1.335276238,-1.335276238
2022/7/1,-1.335276238,-1.335276238
2022/7/1,-1.335276238,-1.335276238
2022/7/1,-1.335276238,-1.335276238
2022/6/30,-2.187504318,-2.187504318
2022/6/30,-2.187504318,-2.187504318
2022/6/30,-2.187504318,-2.187504318
2022/6/30,-2.187504318,-2.187504318
2022/6/30,-2.187504318,-2.187504318
2022/6/30,-2.187504318,-2.187504318
2022/6/29,4.974246486,4.974246486
2022/6/29,4.974246486,4.974246486
2022/6/28,3.391272209,3.391272209
2022/6/26,0.635397216,0.635397216
2022/6/23,-4.167130472,-4.167130472
2022/6/22,-3.321553743,-3.321553743
2022/6/21,0.463530232,-1.809832582
2022/6/19,-11.2849471,-6.662368764
2022/6/18,-7.38267226,24.97338183
2022/6/17,11.21015968,-6.566328141
2022/6/15,11.04029429,11.04029429
2022/6/15,11.04029429,1.378592727
2022/6/14,-2.453298792,-2.709488586
2022/6/14,-2.453298792,-2.453298792
2022/6/14,-2.453298792,-2.599275079
2022/6/13,-1.372017499,19.15703845
2022/6/11,8.062488472,-0.36271591
2022/6/10,3.22066698,3.22066698
2022/6/10,3.22066698,3.22066698
2022/6/8,-0.454440671,-0.739359618
2022/6/8,-0.454440671,-0.454440671
2022/6/6,3.961225858,3.961225858
2022/6/6,3.961225858,3.961225858
2022/6/4,0.371120769,0.371120769
2022/6/4,0.371120769,0.371120769
2022/5/30,-2.612135827,-2.612135827
2022/5/29,-6.331687516,-6.331687516
2022/5/26,2.773487435,2.773487435
2022/5/26,2.773487435,2.773487435
2022/5/25,-0.672100523,-0.672100523
2022/5/25,-0.672100523,-0.672100523
2022/5/25,-0.672100523,-0.672100523
2022/5/24,0.073340072,-0.55264191
2022/5/23,-0.259265561,-0.259265561
2022/5/18,-4.687213281,-4.687213281
2022/5/15,2.517790878,2.517790878
2022/5/12,-18.30390418,-18.30390418
2022/5/12,-18.30390418,-8.656818173
2022/5/12,-18.30390418,-14.93343397
2022/5/12,-18.30390418,-18.30390418
2022/5/9,-1.031988016,-1.031988016
2022/5/5,-2.535021951,1.113037413
2022/5/5,-2.535021951,0.733797486
2022/4/28,-3.691262474,-3.691262474
2022/4/28,-3.691262474,-1.277009412
2022/4/28,-3.691262474,-2.15941349
2022/4/27,-3.421603714,0.601987545
2022/4/27,-3.421603714,-3.421603714
2022/4/24,6.944328028,6.944328028
2022/4/22,-0.958680855,-0.855757227
2022/4/21,-2.184470124,-2.184470124
2022/4/21,-2.184470124,-2.184470124
2022/4/15,-0.25735078,-0.323959173
2022/4/13,-2.897133703,-1.443326961
2022/4/13,-2.897133703,-1.443326961
2022/4/8,-2.766985218,-2.766985218
2022/4/8,-2.766985218,15.67810233
2022/4/6,-3.604757416,-3.604757416
2022/4/6,-3.604757416,-5.081674896
2022/3/28,-1.378778707,-1.378778707
2022/3/25,2.850265373,2.850265373
2022/3/20,-0.8323704,-0.058940617
2022/3/20,-0.8323704,-0.8323704
2022/3/19,2.231657677,2.231657677
2022/3/19,2.231657677,2.231657677
2022/3/18,-0.148825371,-0.148825371
2022/3/18,-0.148825371,-0.148825371
2022/3/17,-5.733202021,-1.010363809
2022/3/14,1.946625284,1.946625284
2022/3/13,0.470818704,0.470818704
2022/3/10,-1.175253719,0.970307224
2022/3/10,-1.175253719,1.482575612
2022/3/10,-1.175253719,-1.175253719
2022/3/9,-0.688983776,-2.561025805
2022/3/8,0.15581554,-1.614659781
2022/3/8,0.15581554,0.15581554
2022/3/8,0.15581554,0.15581554
2022/3/7,0.579159396,0.579159396
2022/3/6,3.62547434,-0.313597438
2022/3/3,3.069002167,-2.326443063
2022/3/2,0.314445163,-4.773016104
2022/3/1,-2.959790977,-2.959790977
2022/3/1,-2.959790977,-2.959790977
2022/3/1,-2.959790977,-0.817970342
2022/2/28,-0.401607925,-3.806524642
2022/2/26,11.36680623,1.317958155
2022/2/25,-0.619721356,-0.619721356
2022/2/25,-0.619721356,-0.619721356
2022/2/25,-0.619721356,-0.682107679
2022/2/23,7.366151726,7.366151726
2022/2/23,7.366151726,1.734696146
2022/2/22,-1.659816963,-3.56125684
2022/2/16,4.72607323,4.72607323
2022/2/15,-3.100297573,-3.100297573
2022/2/15,-3.100297573,-3.237359695
2022/2/15,-3.100297573,-3.191577204
2022/2/10,2.588199293,2.588199293
2022/2/10,2.588199293,2.588199293
2022/2/9,0.096459221,0.096459221
2022/2/8,0.581580754,0.581580754
2022/2/8,0.581580754,0.581580754
2022/2/7,-0.830818544,-0.561172583
2022/2/7,-0.830818544,-0.830818544
2022/2/7,-0.830818544,-0.830818544
2022/2/5,2.015111268,-1.374660253
2022/2/1,3.059286154,3.059286154
2022/2/1,3.059286154,3.059286154
2022/2/1,3.059286154,0.770672901
2022/1/31,0.895058801,-4.688426806
2022/1/30,-2.347640076,-2.347640076
2022/1/30,-2.347640076,-0.84903353
2022/1/30,-2.347640076,-1.312508597
2022/1/28,-1.406655271,-3.436711024
2022/1/28,-1.406655271,-1.541899761
2022/1/28,-1.406655271,-1.406655271
2022/1/27,-5.022672703,-6.86752651
2022/1/25,0.371752895,0.371752895
2022/1/24,0.939718417,0.939718417
2022/1/24,0.939718417,0.939718417
2022/1/24,0.939718417,0.939718417
2022/1/19,-2.280731984,-2.280731984
2022/1/12,-5.416820182,-5.416820182
2022/1/1,1.228746751,1.228746751
2021/12/31,-5.884523902,-5.884523902
2021/12/30,-6.063859165,-6.063859165
2021/12/29,0.445974522,0.545044856
2021/12/28,1.638105792,1.638105792
2021/12/28,1.638105792,0.452195673
2021/12/27,-4.128834327,-4.128834327
2021/12/27,-4.128834327,-4.128834327
2021/12/24,-2.750939097,-2.750939097
2021/12/24,-2.750939097,-2.750939097
2021/12/24,-2.750939097,-11.14290334
2021/12/22,-2.397764841,-2.397764841
2021/12/21,-2.173182259,-1.372761433
2021/12/21,-2.173182259,-2.173182259
2021/12/21,-2.173182259,-2.173182259
2021/12/20,-1.356208814,-1.356208814
2021/12/20,-1.356208814,-2.32453798
2021/12/20,-1.356208814,-1.356208814
2021/12/20,-1.356208814,-1.356208814
2021/12/17,0.811997315,-0.027864209
2021/12/17,0.811997315,0.942351726
2021/12/17,0.811997315,0.811997315
2021/12/17,0.811997315,0.811997315
2021/12/16,-1.215688193,-1.215688193
2021/12/16,-1.215688193,-4.496179256
2021/12/16,-1.215688193,-4.742558436
2021/12/15,-4.816316819,0.938066434
2021/12/14,-1.715337373,-1.715337373
2021/12/14,-1.715337373,-0.439941699
2021/12/13,0.681804222,0.681804222
2021/12/12,-1.372756498,0.239577346
2021/12/12,-1.372756498,-1.372756498
2021/12/11,3.04671674,3.04671674
2021/12/10,-0.678722043,0.928643523
2021/12/10,-0.678722043,-0.678722043
2021/12/10,-0.678722043,0.423416866
2021/12/10,-0.678722043,1.116408704
2021/12/10,-0.678722043,-0.678722043
2021/12/10,-0.678722043,-0.678722043
2021/12/9,-0.119522036,-0.119522036
2021/12/9,-0.119522036,-0.119522036
2021/12/9,-0.119522036,-0.119522036
2021/12/9,-0.119522036,-0.119522036
2021/12/8,2.624671638,2.624671638
2021/12/8,2.624671638,0.995477803
2021/12/7,1.022768859,1.022768859
2021/12/7,1.022768859,2.200776564
2021/12/4,3.29884979,-0.703699901
2021/12/4,3.29884979,-0.703699901
2021/12/4,3.29884979,-0.703699901
2021/12/4,3.29884979,-0.372872195
2021/12/4,3.29884979,3.29884979
2021/12/3,1.96591457,1.96591457
2021/12/3,1.96591457,1.96591457
2021/12/1,1.0356335,1.0356335
2021/11/29,2.377324528,2.377324528
2021/11/29,2.377324528,-5.48240966
2021/11/29,2.377324528,2.377324528
2021/11/29,2.377324528,-1.824571338
2021/11/29,2.377324528,-2.033745446
2021/11/27,1.741892678,4.927816953
2021/11/18,-2.464286126,1.710032116
2021/11/14,-1.072075004,-8.052407766
2021/11/10,-1.019105651,-1.019105651
2021/11/9,0.981276219,-3.983251533
2021/11/7,1.693883728,1.693883728
2021/11/6,-1.212516116,-1.212516116
2021/11/5,2.123791721,2.123791721
2021/11/1,1.994631618,1.994631618
2021/10/29,-0.343086325,-0.343086325
2021/10/29,-0.343086325,-0.188712541
2021/10/26,2.40990858,2.40990858
2021/10/26,2.40990858,1.09580157
2021/10/21,-5.314206003,-2.660324351
2021/10/15,-6.759041006,-0.293639988
2021/10/12,1.288711299,-1.156385616
2021/10/12,1.288711299,-1.156385616
2021/10/11,3.414789365,3.414789365
2021/10/7,-0.272406511,-0.272406511
2021/10/7,-0.272406511,2.075660258
2021/10/5,-0.525474758,0.498569268
2021/10/4,2.99062788,-0.224490599
2021/9/30,-4.569827923,-1.756148154
2021/9/30,-4.569827923,-4.569827923
2021/9/23,1.921317475,1.921317475
2021/9/20,3.155100632,3.155100632
2021/9/20,3.155100632,-0.798048477
2021/9/20,3.155100632,8.827648761
2021/9/16,-3.020512552,-3.020512552
2021/9/15,-4.227626505,-4.227626505
2021/9/14,-0.92319585,-0.92319585
2021/9/13,-0.575801229,0.128156125
2021/9/3,-0.601610247,-9.239585032
2021/8/27,-1.914513379,-2.617408918
2021/8/27,-1.914513379,-2.401240602
2021/8/26,-1.873779903,-1.873779903
2021/8/26,-1.873779903,-1.873779903
2021/8/23,-2.543681552,-2.543681552
2021/8/23,-2.543681552,-0.712733494
2021/8/21,-0.705684944,-0.705684944
2021/8/21,-0.705684944,-0.705684944
2021/8/17,-0.702328484,-0.702328484
2021/8/15,0.04480677,0.04480677
2021/8/15,0.04480677,0.04480677
2021/8/11,-4.090359919,-4.090359919
2021/8/9,1.782484609,1.782484609
2021/8/3,2.386541553,2.386541553
2021/7/29,-3.261749387,-3.261749387
2021/7/27,7.111757428,7.111757428
2021/7/26,-0.29560957,-0.29560957
2021/7/21,-2.471849601,-2.471849601
2021/7/21,-2.471849601,-3.658356946
2021/7/20,-1.881144034,-2.187504318
2021/7/20,-1.881144034,-2.187504318
2021/7/19,4.858442146,4.858442146
2021/7/19,4.858442146,4.858442146
2021/7/19,4.858442146,4.858442146
2021/7/19,4.858442146,4.858442146
2021/7/16,-0.8416149,-0.8416149
2021/7/16,-0.8416149,-0.8416149
2021/7/15,-2.254697936,-2.254697936
2021/7/15,-2.254697936,-2.254697936
2021/7/15,-2.254697936,-2.254697936
2021/7/14,-2.410171845,-2.410171845
2021/7/14,-2.410171845,-2.410171845
2021/7/14,-2.410171845,-2.410171845
2021/7/6,-0.757699973,-0.757699973
2021/7/5,0.011101944,0.011101944
2021/7/3,-1.591185573,-1.1841805
2021/6/30,0.114952568,0.114952568
2021/6/30,0.114952568,0.114952568
2021/6/29,2.896760858,-1.841972859
2021/6/27,-0.067229297,-2.225005838
2021/6/27,-0.067229297,-3.37642623
2021/6/10,-3.701561865,1.586793149
2021/6/9,-7.245565682,-6.896062937
2021/6/9,-7.245565682,-7.245565682
2021/6/9,-7.245565682,-7.245565682
2021/6/9,-7.245565682,-7.245565682
2021/6/9,-7.245565682,-7.12826672
2021/6/8,-6.581550776,-6.581550776
2021/6/7,10.07400116,-3.370844473
2021/6/5,-0.364658729,-0.364658729
2021/6/3,1.289228023,-3.629712334
2021/6/3,1.289228023,-3.378516652
2021/6/3,1.289228023,-4.691751917
2021/6/2,-4.33310817,-4.33310817
2021/6/1,-2.611217846,-0.42061691
2021/5/30,-10.71381193,-10.71381193
2021/5/28,1.841227938,1.841227938
2021/5/28,1.841227938,1.841227938
2021/5/28,1.841227938,1.841227938
2021/5/26,-6.463776993,-6.36996941
2021/5/26,-6.463776993,-6.463776993
2021/5/26,-6.463776993,-6.463776993
2021/5/26,-6.463776993,-6.463776993
2021/5/26,-6.463776993,-5.399365373
2021/5/5,-1.731439235,-1.731439235
2021/5/5,-1.731439235,-2.185001885
2021/5/3,7.360173834,-3.490080777
2021/4/30,1.667542394,-1.351782254
2021/4/29,-1.469280744,-1.469280744
2021/4/27,-0.716432747,-0.716432747
2021/4/27,-0.716432747,-0.716432747
2021/4/20,-1.070374118,5.19126764
2021/4/20,-1.070374118,-1.070374118
2021/4/20,-1.070374118,-1.070374118
2021/4/19,-1.020167389,-1.020167389
2021/4/14,-6.100941564,-6.100941564
2021/4/14,-6.100941564,-3.972001007
2021/4/13,-2.198333397,-1.536274423
2021/4/13,-2.198333397,-2.198333397
2021/4/13,-2.198333397,-1.445262156
2021/4/13,-2.198333397,-2.198333397
2021/4/12,4.377558884,0.062500829
2021/4/8,0.484951425,-1.202386793
2021/4/8,0.484951425,-1.557102809
2021/4/8,0.484951425,0.484951425
2021/4/6,-1.221447053,-1.221447053
2021/4/6,-1.221447053,0.08177776
2021/4/2,1.465192891,1.465192891
2021/3/26,-4.171226729,-4.171226729
2021/3/25,-7.556617082,-3.011098733
2021/3/25,-7.556617082,-1.399056384
2021/3/25,-7.556617082,-1.573949397
2021/3/24,-0.692735314,-0.692735314
2021/3/24,-0.692735314,-0.692735314
2021/3/24,-0.692735314,-0.692735314
2021/3/17,-3.643288288,-3.643288288
2021/3/10,0.710897275,1.408038381
2021/3/2,-1.557477129,-6.403655845
2021/3/2,-1.557477129,-6.254045886
2021/3/2,-1.557477129,-6.403655845
2021/3/2,-1.557477129,-6.254045886
2021/3/2,-1.557477129,-6.403655845
2021/3/1,-4.583965467,-4.583965467
2021/2/25,-2.709262974,-2.709262974
2021/2/25,-2.709262974,-1.338165768
2021/2/24,-3.477886617,-3.477886617
2021/2/24,-3.477886617,-3.477886617
2021/2/24,-3.477886617,-2.712144735
2021/2/24,-3.477886617,-3.477886617
2021/2/24,-3.477886617,-3.477886617
2021/2/23,-5.116325063,-6.022018818
2021/2/23,-5.116325063,-5.116325063
2021/2/23,-5.116325063,-6.026438884
2021/2/23,-5.116325063,-6.076731077
2021/2/20,1.122389382,-1.302525001
2021/2/19,-0.341050885,-0.757306537
2021/2/19,-0.341050885,-0.341050885
2021/2/18,-5.069340124,-5.069340124
2021/2/17,-0.35401851,-0.35401851
2021/2/17,-0.35401851,-1.210905689
2021/2/17,-0.35401851,-0.35401851
2021/2/16,-1.664220258,-1.664220258
2021/2/16,-1.664220258,-1.664220258
2021/2/16,-1.664220258,-1.664220258
2021/2/16,-1.664220258,-1.486528442
2021/2/16,-1.664220258,-1.664220258
2021/2/4,-2.976107973,0.109812123
2021/2/2,-1.123570673,0.682613641
2021/2/2,-1.123570673,1.012761613
2021/2/1,-0.129983625,-0.129983625
2021/2/1,-0.129983625,-0.129983625
2021/2/1,-0.129983625,-0.129983625
2021/2/1,-0.129983625,-0.129983625
2021/2/1,-0.129983625,-0.129983625
2021/2/1,-0.129983625,-0.129983625
2021/2/1,-0.129983625,-0.129983625
2021/2/1,-0.129983625,-0.129983625
2021/1/30,-0.693243616,-0.693243616
2021/1/29,-6.316691514,-6.316691514
2021/1/29,-6.316691514,-1.236694227
2021/1/29,-6.316691514,-3.080157641
2021/1/28,0.711338035,0.711338035
2021/1/28,0.711338035,0.092448215
2021/1/28,0.711338035,0.711338035
2021/1/27,3.616488111,3.616488111
2021/1/27,3.616488111,3.616488111
2021/1/26,6.782557083,6.782557083
2021/1/23,2.355368583,2.355368583
2021/1/21,-2.468034675,-1.983180527
2021/1/21,-2.468034675,-2.146957591
2021/1/21,-2.468034675,-2.468034675
2021/1/21,-2.468034675,-2.468034675
2021/1/21,-2.468034675,-1.995041548
2021/1/21,-2.468034675,-2.468034675
2021/1/15,0.820070692,1.430756795
2021/1/14,0.014334149,1.145249255
2021/1/14,0.014334149,0.716038129
2021/1/11,7.853315472,-1.708759415
2021/1/9,3.399275433,3.768353146
2021/1/9,3.399275433,3.399275433
2021/1/9,3.399275433,4.367885363
2021/1/9,3.399275433,3.446376277
2021/1/8,4.359068691,0.22726512
2021/1/8,4.359068691,-1.354696835
2021/1/7,0.114149634,0.114149634
2021/1/7,0.114149634,0.114149634
2021/1/7,0.114149634,0.114149634
2021/1/7,0.114149634,0.114149634
2021/1/7,0.114149634,0.114149634
2021/1/7,0.114149634,0.114149634
2021/1/7,0.114149634,0.114149634
2021/1/7,0.114149634,0.114149634
2021/1/7,0.114149634,0.114149634
2021/1/6,13.97755049,13.97755049
2021/1/6,13.97755049,13.97755049
2021/1/6,13.97755049,13.97755049
2021/1/5,7.362661843,1.518923092
2021/1/5,7.362661843,1.513715368
2021/1/4,0.244095493,-4.048550279
2021/1/3,8.452590238,-5.879315855
2021/1/3,8.452590238,-6.769232793
2021/1/3,8.452590238,-6.826928715
2021/1/2,6.730488052,3.531784305
2021/1/2,6.730488052,2.541085798
2021/1/2,6.730488052,7.084649326
2021/1/2,6.730488052,7.084649326
2021/1/2,6.730488052,3.407375377
2021/1/2,6.730488052,3.092519971
2021/1/2,6.730488052,6.730488052
2020/12/31,-10.50001817,-10.50001817
2020/12/31,-10.50001817,-7.511000181
2020/12/28,1.210823282,-4.3684009
2020/12/22,1.491523467,-0.397750388
2020/12/22,1.491523467,1.441579042
2020/12/22,1.491523467,0.370442803
2020/12/22,1.491523467,1.491523467
2020/12/21,0.867997828,0.867997828
2020/12/18,6.9372259,6.9372259
2020/12/18,6.9372259,6.9372259
2020/12/18,6.9372259,6.9372259
2020/12/17,-8.792066796,-8.792066796
2020/12/17,-8.792066796,-8.792066796
2020/12/17,-8.792066796,-8.792066796
2020/12/17,-8.792066796,-8.792066796
2020/12/17,-8.792066796,-8.792066796
2020/12/17,-8.792066796,-8.792066796
2020/12/17,-8.792066796,-8.792066796
2020/12/16,17.53744657,1.259173782
2020/11/29,16.43039113,0.545027162
2020/11/28,0.134177497,0.975376196
2020/11/27,-7.199926659,-0.718541655
2020/11/27,-7.199926659,-1.728600447
2020/11/23,1.762861109,1.762861109
2020/11/18,-10.89810334,-10.89810334
2020/11/18,-10.89810334,-10.89810334
2020/11/17,10.80152897,10.80152897
2020/11/16,10.00393096,0.113497529
2020/11/13,0.915330123,0.915330123
2020/11/13,0.915330123,0.915330123
2020/11/5,2.357924861,1.458922952
2020/10/23,-1.024091153,-2.517301444
2020/10/21,-2.140177818,-2.307046972
2020/10/15,-0.101663682,0.887934512
2020/10/15,-0.101663682,-0.101663682
2020/10/13,-1.65448705,-0.898497343
2020/9/17,-6.512387396,-6.512387396
2020/9/16,-5.28943061,-4.951350637
2020/9/16,-5.28943061,-5.28943061
2020/9/16,-5.28943061,-5.28943061
2020/9/15,-0.210299352,-0.210299352
2020/9/14,0.547335784,0.120862853
2020/9/1,-3.793094582,1.630838939
2020/8/15,2.682472497,-6.238625502
2020/8/14,8.304031708,2.496892564
2020/8/14,8.304031708,8.304031708
2020/8/12,-1.943611423,-2.81375883
2020/8/11,-5.436028883,-2.821272473
2020/8/11,-5.436028883,-5.436028883
2020/8/11,-5.436028883,8.060545899
2020/8/10,6.374634271,6.374634271
2020/8/9,-0.586450606,-0.586450606
2020/8/4,-0.642418407,2.417636542
2020/8/1,9.388446789,-3.80197129
2020/8/1,9.388446789,-2.994710053
2020/8/1,9.388446789,-2.997604969
2020/7/10,0.835379379,-1.08559521
2020/7/10,0.835379379,0.835379379
2020/7/3,3.058851412,-1.393499337
2020/7/3,3.058851412,-1.339599398
2020/6/30,-4.624075466,-4.624075466
2020/6/28,-0.949432207,-0.949432207
2020/6/28,-0.949432207,-0.614575233
2020/6/28,-0.949432207,-0.949432207
2020/6/28,-0.949432207,-0.949432207
2020/6/27,4.363481996,2.327380557
2020/6/27,4.363481996,4.363481996
2020/6/26,-1.664543969,-1.664543969
2020/6/26,-1.664543969,-1.664543969
2020/6/26,-1.664543969,-1.664543969
2020/6/26,-1.664543969,-1.664543969
2020/6/26,-1.664543969,-1.664543969
2020/6/26,-1.664543969,-1.664543969
2020/6/26,-1.664543969,-1.664543969
2020/6/26,-1.664543969,-1.664543969
2020/6/26,-1.664543969,-1.664543969
2020/6/25,-11.49422623,-5.749710367
2020/6/25,-11.49422623,-11.49422623
2020/6/25,-11.49422623,-11.49422623
2020/6/25,-11.49422623,-11.49422623
2020/6/25,-11.49422623,-11.49422623
2020/6/24,-3.05639441,-2.229043085
2020/6/23,0.512764041,0.990241285
2020/6/23,0.512764041,0.512764041
2020/6/22,-0.56043015,-0.622123911
2020/6/22,-0.56043015,-2.433174055
2020/6/22,-0.56043015,-0.56043015
2020/6/21,0.131857875,0.131857875
2020/6/21,0.131857875,0.131857875
2020/6/21,0.131857875,0.131857875
2020/6/21,0.131857875,0.131857875
2020/6/21,0.131857875,0.131857875
2020/6/20,0.687886405,0.687886405
2020/6/20,0.687886405,0.687886405
2020/6/20,0.687886405,0.687886405
2020/6/20,0.687886405,0.687886405
2020/6/20,0.687886405,0.687886405
2020/6/19,0.369649529,-1.075336023
2020/6/19,0.369649529,0.369649529
2020/6/19,0.369649529,-1.109163452
2020/6/18,-3.206821491,-0.89975949
2020/6/18,-3.206821491,-2.70570328
2020/6/18,-3.206821491,-3.206821491
2020/6/17,-3.387921082,-3.387921082
2020/6/17,-3.387921082,-1.634431399
2020/6/16,-0.405795184,-3.018161136
2020/6/16,-0.405795184,0.899805271
2020/6/16,-0.405795184,-3.018161136
2020/6/16,-0.405795184,-0.405795184
2020/6/16,-0.405795184,-0.405795184
2020/6/15,-1.038454639,-1.038454639
2020/6/15,-1.038454639,-1.038454639
2020/6/15,-1.038454639,-1.038454639
2020/6/15,-1.038454639,-1.038454639
2020/6/13,4.26483407,4.26483407
2020/6/12,-1.69754516,-1.791097722
2020/6/12,-1.69754516,-2.697807364
2020/6/12,-1.69754516,-1.69754516
2020/6/11,-5.45727121,-2.927457976
2020/6/10,1.154552679,1.154552679
2020/6/9,1.847686908,0.392400241
2020/6/6,1.898237655,1.898237655
2020/6/4,-3.721665734,-3.721665734
2020/6/4,-3.721665734,-3.721665734
2020/6/4,-3.721665734,-3.721665734
2020/6/4,-3.721665734,-3.721665734
2020/6/3,-2.288938664,-2.288938664
2020/6/3,-2.288938664,-2.288938664
2020/6/3,-2.288938664,-2.288938664
2020/6/3,-2.288938664,-2.288938664
2020/6/2,-6.062998388,-3.239762878
2020/6/2,-6.062998388,7.655524554
2020/6/2,-6.062998388,-6.062998388
2020/6/1,5.103830793,5.103830793
2020/6/1,5.103830793,5.103830793
2020/6/1,5.103830793,5.103830793
2020/6/1,5.103830793,5.103830793
2020/6/1,5.103830793,5.103830793
2020/6/1,5.103830793,5.103830793
2020/5/31,-2.688868553,-2.688868553
2020/5/30,8.405963615,3.178078697
2020/5/30,8.405963615,3.178078697
2020/5/30,8.405963615,8.405963615
2020/5/29,5.494404772,5.494404772
2020/5/28,-6.481124918,-3.135357699
2020/5/28,-6.481124918,-6.481124918
2020/5/28,-6.481124918,-6.481124918
2020/5/28,-6.481124918,-1.488564879
2020/5/28,-6.481124918,-3.909536828
2020/5/27,-7.544078787,-2.985848419
2020/5/27,-7.544078787,-2.380397278
2020/5/27,-7.544078787,-7.544078787
2020/5/27,-7.544078787,-7.544078787
2020/5/26,-4.857412951,-4.857412951
2020/5/26,-4.857412951,-4.857412951
2020/5/26,-4.857412951,-4.857412951
2020/5/25,-1.967749907,0.762526676
2020/5/25,-1.967749907,1.228958712
2020/5/25,-1.967749907,-1.967749907
2020/5/25,-1.967749907,1.189519333
2020/5/25,-1.967749907,0.675928952
2020/5/25,-1.967749907,0.599272917
2020/5/25,-1.967749907,0.729274951
2020/5/24,0.190451346,0.938881752
2020/5/24,0.190451346,1.36675006
2020/5/24,0.190451346,0.875033981
2020/5/24,0.190451346,0.623288909
2020/5/23,-0.045519581,-0.045519581
2020/5/23,-0.045519581,-0.045519581
2020/5/22,-6.254045886,-6.254045886
2020/5/22,-6.254045886,-5.162543946
2020/5/22,-6.254045886,-6.254045886
2020/5/22,-6.254045886,-6.254045886
2020/5/22,-6.254045886,-6.254045886
2020/5/22,-6.254045886,-6.254045886
2020/5/22,-6.254045886,-6.254045886
2020/5/22,-6.254045886,-6.254045886
2020/5/21,-4.580494429,0.998274764
2020/5/20,-2.216909199,-1.911767994
2020/5/20,-2.216909199,7.364414375
2020/5/20,-2.216909199,-2.216909199
2020/5/20,-2.216909199,6.894783671
2020/5/20,-2.216909199,7.290020174
2020/5/19,-1.58665547,-1.58665547
2020/5/19,-1.58665547,-4.07604747
2020/5/19,-1.58665547,-1.58665547
2020/5/19,-1.58665547,-3.535741054
2020/5/18,-4.3684009,-4.3684009
2020/5/18,-4.3684009,-4.3684009
2020/5/18,-4.3684009,-4.3684009
2020/5/18,-4.3684009,-4.3684009
2020/5/18,-4.3684009,-4.3684009
2020/5/18,-4.3684009,-4.3684009
2020/5/18,-4.3684009,-4.3684009
2020/5/16,5.148012938,-1.964887261
2020/5/16,5.148012938,-1.30748422
2020/5/15,-2.021216659,-2.021216659
2020/5/15,-2.021216659,-2.021216659
2020/5/15,-2.021216659,-1.36000878
2020/5/14,1.794980394,1.506779087
2020/5/14,1.794980394,1.346514419
2020/5/14,1.794980394,1.794980394
2020/5/14,1.794980394,1.074987958
2020/5/13,2.910775061,2.910775061
2020/5/13,2.910775061,2.910775061
2020/5/13,2.910775061,2.504209477
2020/5/13,2.910775061,2.910775061
2020/5/13,2.910775061,2.910775061
2020/5/13,2.910775061,2.910775061
2020/5/13,2.910775061,2.910775061
2020/5/13,2.910775061,2.910775061
2020/5/12,2.20596406,-0.038397248
2020/5/11,-13.16292807,-1.127708169
2020/5/11,-13.16292807,0.361782629
2020/5/11,-13.16292807,-1.127708169
2020/5/10,-0.197767123,-0.197767123
2020/5/9,15.57306345,0.214163302
2020/5/9,15.57306345,1.421392753
2020/5/8,0.580829914,0.614577224
2020/5/8,0.580829914,-0.934729616
2020/5/8,0.580829914,0.580829914
2020/5/8,0.580829914,0.580829914
2020/5/7,1.743582964,0.524523974
2020/5/7,1.743582964,1.440757312
2020/5/7,1.743582964,1.429073035
2020/5/7,1.743582964,0.408912004
2020/5/6,2.312040695,2.312040695
2020/5/6,2.312040695,0.631962678
2020/5/6,2.312040695,1.440424314
2020/5/5,2.316958274,-1.869254227
2020/5/4,-2.532119725,-4.536483735
2020/5/4,-2.532119725,-2.532119725
2020/5/4,-2.532119725,-3.380279914
2020/5/3,5.669782068,-0.042543956
2020/5/3,5.669782068,5.669782068
2020/5/2,0.988147544,0.988147544
2020/5/2,0.988147544,0.988147544
2020/5/2,0.988147544,0.988147544
2020/5/1,-2.642367793,-1.928233662
2020/5/1,-2.642367793,-1.822212594
2020/5/1,-2.642367793,-2.642367793
2020/5/1,-2.642367793,-2.229010609
2020/5/1,-2.642367793,-2.642367793
2020/5/1,-2.642367793,-2.642367793
2020/5/1,-2.642367793,-1.882271235
2020/4/30,-2.074910005,-2.074910005
2020/4/30,-2.074910005,-1.268141268
2020/4/29,3.087050537,3.271356229
2020/4/29,3.087050537,3.087050537
2020/4/29,3.087050537,3.319156617
2020/4/29,3.087050537,3.087050537
2020/4/29,3.087050537,3.087050537
2020/4/28,8.599404354,0.384177183
2020/4/27,1.323210672,1.323210672
2020/4/27,1.323210672,1.323210672
2020/4/27,1.323210672,1.323210672
2020/4/27,1.323210672,1.323210672
2020/4/27,1.323210672,1.323210672
2020/4/27,1.323210672,1.323210672
2020/4/27,1.323210672,1.323210672
2020/4/27,1.323210672,1.323210672
2020/4/27,1.323210672,1.323210672
2020/4/27,1.323210672,0.04093042
2020/4/26,2.383500746,-1.077267039
2020/4/26,2.383500746,2.383500746
2020/4/25,-0.452428493,-0.452428493
2020/4/25,-0.452428493,-0.392911824
2020/4/25,-0.452428493,-0.452428493
2020/4/25,-0.452428493,-0.416862595
2020/4/25,-0.452428493,-0.452428493
2020/4/25,-0.452428493,-0.452428493
2020/4/24,-4.169449301,-3.110373954
2020/4/24,-4.169449301,-4.169449301
2020/4/23,-5.591282206,-5.591282206
2020/4/23,-5.591282206,-5.591282206
2020/4/23,-5.591282206,-5.591282206
2020/4/23,-5.591282206,-5.591282206
2020/4/23,-5.591282206,-5.591282206
2020/4/21,1.448169884,0.60155743
2020/4/21,1.448169884,-0.797969507
2020/4/21,1.448169884,-0.797969507
2020/4/21,1.448169884,-0.797969507
2020/4/20,0.57627638,0.57627638
2020/4/20,0.57627638,0.57627638
2020/4/18,-0.385954359,-0.385954359
2020/4/18,-0.385954359,-1.594030734
2020/4/18,-0.385954359,-0.385954359
2020/4/18,-0.385954359,0.727631653
2020/4/18,-0.385954359,-4.465250714
2020/4/17,-1.538628141,-1.538628141
2020/4/17,-1.538628141,-1.538628141
2020/4/17,-1.538628141,-1.401912025
2020/4/17,-1.538628141,-1.538628141
2020/4/16,-2.056891642,-1.508545398
2020/4/16,-2.056891642,-2.056891642
2020/4/16,-2.056891642,-2.056891642
2020/4/16,-2.056891642,-2.056891642
2020/4/16,-2.056891642,-2.056891642
2020/4/15,-3.193370814,-3.193370814
2020/4/15,-3.193370814,-3.193370814
2020/4/14,-3.66400302,-3.66400302
2020/4/14,-3.66400302,-3.66400302
2020/4/13,-2.809626953,-0.53176833
2020/4/13,-2.809626953,-2.048201841
2020/4/13,-2.809626953,-0.48852065
2020/4/12,0.504004827,0.287085339
2020/4/12,0.504004827,0.504004827
2020/4/12,0.504004827,0.504004827
2020/4/12,0.504004827,0.504004827
2020/4/11,0.23223042,3.043855866
2020/4/11,0.23223042,1.273914453
2020/4/10,-1.654788897,-1.654788897
2020/4/10,-1.654788897,-1.730527838
2020/4/10,-1.654788897,-1.654788897
2020/4/10,-1.654788897,-2.115042354
2020/4/10,-1.654788897,-1.654788897
2020/4/10,-1.654788897,-1.654788897
2020/4/9,-0.432157721,-0.432157721
2020/4/9,-0.432157721,-0.432157721
2020/4/9,-0.432157721,-0.432157721
2020/4/9,-0.432157721,-0.432157721
2020/4/9,-0.432157721,-0.432157721
2020/4/8,-1.446893975,-1.446893975
2020/4/8,-1.446893975,-1.801874679
2020/4/7,0.273205232,0.273205232
2020/4/7,0.273205232,0.273205232
2020/4/7,0.273205232,-0.082314196
2020/4/7,0.273205232,0.273205232
2020/4/6,0.67564185,-0.665189581
2020/4/5,0.448904044,0.448904044
2020/4/5,0.448904044,-9.751580862
2020/4/5,0.448904044,0.448904044
2020/4/4,-0.636209456,-0.636209456
2020/4/4,-0.636209456,0.222869725
2020/4/4,-0.636209456,-0.117510592
2020/4/3,-2.261969609,-2.181623737
2020/4/3,-2.261969609,-2.261969609
2020/4/3,-2.261969609,-2.216631056
2020/4/2,-2.236716825,-2.236716825
2020/4/2,-2.236716825,-2.236716825
2020/4/2,-2.236716825,-0.348216459
2020/4/2,-2.236716825,-2.236716825
2020/4/1,2.418609375,2.418609375
2020/4/1,2.418609375,2.418609375
2020/4/1,2.418609375,2.418609375
2020/4/1,2.418609375,2.418609375
2020/3/31,-1.796876659,-1.433815498
2020/3/31,-1.796876659,-1.796876659
2020/3/31,-1.796876659,-1.734830095
2020/3/31,-1.796876659,-1.796876659
2020/3/31,-1.796876659,-1.796876659
2020/3/31,-1.796876659,-1.502199466
2020/3/30,-4.99336283,-4.366969206
2020/3/30,-4.99336283,-4.99336283
2020/3/30,-4.99336283,-5.815934827
2020/3/30,-4.99336283,-4.99336283
2020/3/30,-4.99336283,-4.99336283
2020/3/30,-4.99336283,-4.99336283
2020/3/29,-3.5377604,-0.48000301
2020/3/28,1.581326013,1.581326013
2020/3/28,1.581326013,1.581326013
2020/3/28,1.581326013,1.581326013
2020/3/27,2.35012653,1.263565707
2020/3/27,2.35012653,1.263565707
2020/3/27,2.35012653,2.35012653
2020/3/27,2.35012653,0.843927188
2020/3/27,2.35012653,1.340955644
2020/3/27,2.35012653,1.263565707
2020/3/26,-12.87303292,-9.119019874
2020/3/26,-12.87303292,-12.87303292
2020/3/26,-12.87303292,-3.610631237
2020/3/26,-12.87303292,-12.87303292
2020/3/26,-12.87303292,-12.87303292
2020/3/26,-12.87303292,-7.91737614
2020/3/26,-12.87303292,-12.87303292
2020/3/25,-0.829305787,-0.829305787
2020/3/25,-0.829305787,-1.073224212
2020/3/25,-0.829305787,-0.829305787
2020/3/25,-0.829305787,-0.829305787
2020/3/24,-2.328549947,-2.328549947
2020/3/24,-2.328549947,-2.328549947
2020/3/23,-3.544709973,-3.544709973
2020/3/23,-3.544709973,-3.544709973
2020/3/23,-3.544709973,-3.544709973
2020/3/23,-3.544709973,-3.544709973
2020/3/23,-3.544709973,-3.544709973
2020/3/23,-3.544709973,-3.544709973
2020/3/22,1.212081671,1.212081671
2020/3/22,1.212081671,1.212081671
2020/3/22,1.212081671,1.212081671
2020/3/22,1.212081671,0.990658697
2020/3/22,1.212081671,1.212081671
2020/3/21,1.937367539,-2.957184174
2020/3/21,1.937367539,-3.362360826
2020/3/20,-2.895424583,-2.895424583
2020/3/20,-2.895424583,-2.895424583
2020/3/20,-2.895424583,-2.450872465
2020/3/20,-2.895424583,-2.895424583
2020/3/20,-2.895424583,-2.895424583
2020/3/19,4.520571062,4.520571062
2020/3/19,4.520571062,3.931857924
2020/3/19,4.520571062,4.520571062
2020/3/19,4.520571062,1.805913346
2020/3/19,4.520571062,2.909162349
2020/3/19,4.520571062,4.520571062
2020/3/19,4.520571062,4.520571062
2020/3/19,4.520571062,4.520571062
2020/3/19,4.520571062,4.520571062
2020/3/19,4.520571062,4.520571062
2020/3/18,-7.578685713,-7.578685713
2020/3/18,-7.578685713,-7.578685713
2020/3/18,-7.578685713,-7.578685713
2020/3/18,-7.578685713,-7.578685713
2020/3/18,-7.578685713,-7.578685713
2020/3/18,-7.578685713,-7.578685713
2020/3/18,-7.578685713,-7.578685713
2020/3/17,-5.534154076,-5.534154076
2020/3/17,-5.534154076,-5.534154076
2020/3/17,-5.534154076,-5.534154076
2020/3/17,-5.534154076,-5.534154076
2020/3/17,-5.534154076,-5.534154076
2020/3/17,-5.534154076,-5.534154076
2020/3/17,-5.534154076,-5.534154076
2020/3/15,31.47070228,29.80248066
2020/3/15,31.47070228,30.56323369
2020/3/15,31.47070228,31.47070228
2020/3/15,31.47070228,31.47070228
2020/3/15,31.47070228,29.9313262
2020/3/15,31.47070228,30.20815357
2020/3/15,31.47070228,31.47070228
2020/3/15,31.47070228,29.80248066
2020/3/15,31.47070228,31.47070228
2020/3/15,31.47070228,29.76296581
2020/3/15,31.47070228,29.8576082
2020/3/15,31.47070228,29.76630439
2020/3/15,31.47070228,30.19935085
2020/3/14,12.38119742,-5.534154076
2020/3/13,-6.752902231,-6.752902231
2020/3/13,-6.752902231,-6.752902231
2020/3/13,-6.752902231,-6.752902231
2020/3/13,-6.752902231,-6.752902231
2020/3/13,-6.752902231,-6.752902231
2020/3/12,44.02991066,44.02991066
2020/3/12,44.02991066,44.02991066
2020/3/12,44.02991066,40.2901055
2020/3/12,44.02991066,40.68536084
2020/3/11,24.91741141,24.91741141
2020/3/11,24.91741141,24.91741141
2020/3/11,24.91741141,24.91741141
2020/3/10,-1.305457936,-1.005079452
2020/3/10,-1.305457936,-1.305457936
2020/3/9,-3.80197129,-3.80197129
2020/3/9,-3.80197129,-3.80197129
2020/3/9,-3.80197129,-3.80197129
2020/3/9,-3.80197129,-3.80197129
2020/3/9,-3.80197129,-3.80197129
2020/3/9,-3.80197129,-3.80197129
2020/3/8,13.33011188,0.527295049
2020/3/7,2.036543859,0.391956088
2020/3/7,2.036543859,2.036543859
2020/3/7,2.036543859,0.305733136
2020/3/6,0.719679985,0.719679985
2020/3/6,0.719679985,-1.133541425
2020/3/6,0.719679985,3.286909779
2020/3/4,-1.855132962,-1.855132962
2020/3/4,-1.855132962,-0.422844657
2020/3/4,-1.855132962,-1.855132962
2020/3/4,-1.855132962,0.178716004
2020/3/3,-2.427839142,-2.427839142
2020/3/3,-2.427839142,-1.387598681
2020/3/3,-2.427839142,0.079281373
2020/3/2,-1.843068909,-1.843068909
2020/3/2,-1.843068909,-1.843068909
2020/3/2,-1.843068909,-1.011570537
2020/3/2,-1.843068909,0.33607618
2020/3/2,-1.843068909,-1.843068909
2020/3/2,-1.843068909,-1.843068909
2020/2/28,-2.964001446,-2.964001446
2020/2/27,-0.557653548,-0.646911024
2020/2/27,-0.557653548,-0.557653548
2020/2/27,-0.557653548,-0.597391329
2020/2/27,-0.557653548,-0.373206816
2020/2/27,-0.557653548,-0.557653548
2020/2/27,-0.557653548,-0.557653548
2020/2/27,-0.557653548,-0.570339922
2020/2/27,-0.557653548,-0.557653548
2020/2/26,1.136668031,1.136668031
2020/2/26,1.136668031,1.136668031
2020/2/26,1.136668031,0.438497318
2020/2/26,1.136668031,0.3356564
2020/2/26,1.136668031,1.136668031
2020/2/25,3.233873933,2.466365186
2020/2/25,3.233873933,1.642794786
2020/2/25,3.233873933,3.233873933
2020/2/25,3.233873933,3.233873933
2020/2/25,3.233873933,3.233873933
2020/2/25,3.233873933,3.233873933
2020/2/25,3.233873933,3.233873933
2020/2/24,0.118957796,0.118957796
2020/2/24,0.118957796,0.118957796
2020/2/24,0.118957796,0.118957796
2020/2/24,0.118957796,0.118957796
2020/2/24,0.118957796,-0.688017642
2020/2/24,0.118957796,0.118957796
2020/2/24,0.118957796,0.118957796
2020/2/24,0.118957796,0.118957796
2020/2/24,0.118957796,0.118957796
2020/2/23,-0.160987552,-0.160987552
2020/2/23,-0.160987552,-0.160987552
2020/2/23,-0.160987552,-0.160987552
2020/2/23,-0.160987552,-0.160987552
2020/2/23,-0.160987552,-0.160987552
2020/2/23,-0.160987552,-0.160987552
2020/2/22,-0.45401012,-0.45401012
2020/2/22,-0.45401012,-0.545550647
2020/2/22,-0.45401012,-0.45401012
2020/2/22,-0.45401012,-0.45401012
2020/2/22,-0.45401012,-0.45401012
2020/2/21,-3.932800497,-3.932800497
2020/2/20,-2.882697608,-2.882697608
2020/2/20,-2.882697608,-0.635203014
2020/2/20,-2.882697608,-2.732091772
2020/2/20,-2.882697608,-2.882697608
2020/2/20,-2.882697608,-2.882697608
2020/2/20,-2.882697608,-2.882697608
2020/2/19,1.268003377,-0.031611884
2020/2/19,1.268003377,0.729958083
2020/2/19,1.268003377,-0.031611884
2020/2/19,1.268003377,1.268003377
2020/2/18,-0.0099979,-2.936424119
2020/2/18,-0.0099979,-0.0099979
2020/2/18,-0.0099979,-1.450934696
2020/2/18,-0.0099979,-1.933947694
2020/2/17,-0.264244261,0.643562242
2020/2/16,0.41524877,-3.345835243
2020/2/14,1.635191021,1.635191021
2020/2/14,1.635191021,0.116452056
2020/2/14,1.635191021,1.635191021
2020/2/14,1.635191021,1.68639304
2020/2/14,1.635191021,-2.617210374
2020/2/14,1.635191021,1.635191021
2020/2/12,1.482312259,3.161371986
2020/2/11,3.197008175,3.197008175
2020/2/11,3.197008175,3.197008175
2020/2/11,3.197008175,3.197008175
2020/2/10,-1.529046002,0.764097627
2020/2/10,-1.529046002,0.764097627
2020/2/9,-0.58597258,-0.531551579
2020/2/8,0.776655389,0.776655389
2020/2/7,-0.922225776,-0.700500708
2020/2/7,-0.922225776,-0.700500708
2020/2/7,-0.922225776,0.174665997
2020/2/7,-0.922225776,1.207358562
2020/2/6,0.959743867,0.959743867
2020/2/6,0.959743867,0.959743867
2020/2/6,0.959743867,0.959743867
2020/2/5,1.41662956,0.283889037
2020/2/5,1.41662956,1.41662956
2020/2/5,1.41662956,0.283889037
2020/2/5,1.41662956,1.41662956
2020/2/4,2.672695366,-0.104618973
2020/2/4,2.672695366,1.992959503
2020/2/4,2.672695366,2.672695366
2020/2/3,0.812664323,0.812664323
2020/2/3,0.812664323,0.812664323
2020/2/3,0.812664323,0.812664323
2020/2/2,1.217891478,1.217891478
2020/2/2,1.217891478,1.486585658
2020/2/2,1.217891478,1.217891478
2020/2/2,1.217891478,1.217891478
2020/2/2,1.217891478,1.217891478
2020/2/2,1.217891478,1.217891478
2020/2/2,1.217891478,1.217891478
2020/2/2,1.217891478,1.217891478
2020/2/2,1.217891478,1.217891478
2020/2/2,1.217891478,1.217891478
2020/2/2,1.217891478,1.217891478
2020/2/2,1.217891478,1.217891478
2020/2/2,1.217891478,0.211351251
2020/1/31,-3.348383833,-3.348383833
2020/1/31,-3.348383833,-3.348383833
2020/1/31,-3.348383833,-3.348383833
2020/1/31,-3.348383833,-1.799851619
2020/1/30,-1.815858508,-1.472219832
2020/1/30,-1.815858508,-1.815858508
2020/1/30,-1.815858508,-0.804663593
2020/1/30,-1.815858508,-1.08864894
2020/1/29,1.707357888,1.259490435
2020/1/29,1.707357888,1.707357888
2020/1/29,1.707357888,1.707357888
2020/1/29,1.707357888,1.707357888
2020/1/28,0.087657647,-0.497576939
2020/1/28,0.087657647,-0.484652258
2020/1/27,2.114379153,2.114379153
2020/1/27,2.114379153,2.159413889
2020/1/27,2.114379153,2.114379153
2020/1/25,1.650354923,1.650354923
2020/1/24,-1.238158537,-0.739556614
2020/1/24,-1.238158537,-1.238158537
2020/1/24,-1.238158537,-0.096914045
2020/1/24,-1.238158537,1.107276397
2020/1/22,-3.66178165,-3.66178165
2020/1/22,-3.66178165,-3.66178165
2020/1/22,-3.66178165,-3.66178165
2020/1/22,-3.66178165,-2.597129636
2020/1/22,-3.66178165,-3.66178165
2020/1/22,-3.66178165,-3.66178165
2020/1/22,-3.66178165,-3.66178165
2020/1/22,-3.66178165,-3.66178165
2020/1/22,-3.66178165,-4.146689791
2020/1/22,-3.66178165,-1.414898001
2020/1/22,-3.66178165,-3.055831706
2020/1/22,-3.66178165,-3.66178165
2020/1/22,-3.66178165,-1.415709429
2020/1/22,-3.66178165,-3.66178165
2020/1/19,-4.443222371,0.052495872
2020/1/19,-4.443222371,-0.68477119
2020/1/19,-4.443222371,-0.68477119
2020/1/19,-4.443222371,-4.443222371
2020/1/18,0.62267575,0.62267575
2020/1/18,0.62267575,0.62267575
2020/1/18,0.62267575,0.62267575
2020/1/17,0.596913528,0.596913528
2020/1/16,-1.354351491,-1.354351491
2020/1/16,-1.354351491,-1.58830523
2020/1/16,-1.354351491,-1.354351491
2020/1/15,-0.660167637,-0.660167637
2020/1/15,-0.660167637,-0.660167637
2020/1/15,-0.660167637,-0.289218394
2020/1/15,-0.660167637,-0.660167637
2020/1/15,-0.660167637,-0.660167637
2020/1/15,-0.660167637,-0.660167637
2020/1/15,-0.660167637,-0.660167637
2020/1/14,1.998851304,1.998851304
2020/1/14,1.998851304,1.998851304
2020/1/14,1.998851304,1.998851304
2020/1/14,1.998851304,1.998851304
2020/1/14,1.998851304,1.998851304
2020/1/14,1.998851304,1.998851304
2020/1/14,1.998851304,1.998851304
2020/1/13,3.947648684,3.947648684
2020/1/13,3.947648684,0.346608466
2020/1/13,3.947648684,3.947648684
2020/1/12,-1.061386602,-1.061386602
2020/1/10,-0.138469792,-0.138469792
2020/1/10,-0.138469792,-0.138469792
2020/1/10,-0.138469792,-0.957462988
2020/1/10,-0.138469792,-0.848112082
2020/1/10,-0.138469792,-0.65327013
2020/1/10,-0.138469792,-0.138469792
2020/1/10,-0.138469792,-0.910965661
2020/1/10,-0.138469792,-0.936008999
2020/1/10,-0.138469792,-0.138469792
2020/1/9,-3.721231592,-1.842057441
2020/1/9,-3.721231592,-1.967874654
2020/1/9,-3.721231592,-3.721231592
2020/1/9,-3.721231592,-1.842057441
2020/1/7,4.261721109,4.261721109
2020/1/7,4.261721109,4.261721109
2020/1/7,4.261721109,4.261721109
2020/1/7,4.261721109,4.040951419
2020/1/7,4.261721109,4.261721109
2020/1/7,4.261721109,4.261721109
2020/1/7,4.261721109,4.261721109
2020/1/5,1.118828155,1.118828155
2020/1/2,-0.551466494,-0.551466494
2020/1/2,-0.551466494,-0.551466494
2020/1/2,-0.551466494,-0.551466494
2020/1/1,0.691778759,0.691778759
2019/12/31,0.952615082,0.740336943
2019/12/30,2.085132308,2.085132308
2019/12/30,2.085132308,2.085132308
2019/12/28,-1.255485048,-1.255485048
2019/12/27,-0.760087556,-0.760087556
2019/12/27,-0.760087556,-0.760087556
2019/12/27,-0.760087556,-0.760087556
2019/12/27,-0.760087556,-0.760087556
2019/12/27,-0.760087556,-0.760087556
2019/12/27,-0.760087556,-0.760087556
2019/12/27,-0.760087556,-0.760087556
2019/12/26,-4.699342227,-4.699342227
2019/12/26,-4.699342227,-4.699342227
2019/12/25,2.961396001,0.439672833
2019/12/25,2.961396001,2.961396001
2019/12/24,0.599941946,0.0784893
2019/12/24,0.599941946,4.255201275
2019/12/24,0.599941946,0.0784893
2019/12/23,-0.784051049,-0.784051049
2019/12/23,-0.784051049,-0.797239085
2019/12/22,-0.66456983,-0.66456983
2019/12/22,-0.66456983,-0.66456983
2019/12/22,-0.66456983,0.155548169
2019/12/22,-0.66456983,-1.300860369
2019/12/20,-1.598645853,-1.598645853
2019/12/20,-1.598645853,-1.598645853
2019/12/20,-1.598645853,-1.598645853
2019/12/20,-1.598645853,-1.598645853
2019/12/20,-1.598645853,-1.292827668
2019/12/20,-1.598645853,-1.598645853
2019/12/19,-2.972725169,-2.972725169
2019/12/19,-2.972725169,-2.57864725
2019/12/17,-0.095433338,-0.095433338
2019/12/17,-0.095433338,-0.095433338
2019/12/17,-0.095433338,-2.579439941
2019/12/16,4.902553011,4.902553011
2019/12/16,4.902553011,4.902553011
2019/12/16,4.902553011,0.522788999
2019/12/13,-0.719658162,-0.719658162
2019/12/13,-0.719658162,-0.719658162
2019/12/13,-0.719658162,-0.719658162
2019/12/13,-0.719658162,-5.146468858
2019/12/12,-3.228078342,-3.228078342
2019/12/12,-3.228078342,-3.228078342
2019/12/12,-3.228078342,-3.228078342
2019/12/12,-3.228078342,-3.228078342
2019/12/11,0.588789735,0.665096486